Website,Email,Status
https://ardor-realestate.com/kontakt/,,Already Sent (Domain)
https://www.biliskov.com/prodaja-stanova,,Already Sent (Domain)
https://dogma-nekretnine.com/kuca/luksuzna-vila-sa-bazenom5,,Already Sent (Domain)
https://www.opereta.hr/,,Already Sent (Domain)
https://metropola.hr/prodaja/,info@metropola.hr,Sent
https://www.raicevicnekretnine.com/,,No email
https://www.immobilia.hr/,immobilia.pula@gmail.com,Already Sent
https://www.realestatecroatia.com/hrv/default.asp,ime@domena.com,Invalid MX
https://www.indomio.hr/na-prodaju/stanovi/pula/novogradnja,,No email
